scale_s,u_star,w_effective,hessian_w,hessian_u,sharpness_ratio_hu_hw,max_prediction_error
0.25,4.0,1.0,0.6700083542188806,0.04187552213868004,0.0625,0.0
0.5,2.0,1.0,0.6700083542188806,0.16750208855472015,0.25,0.0
1.0,1.0,1.0,0.6700083542188806,0.6700083542188806,1.0,0.0
2.0,0.5,1.0,0.6700083542188806,2.6800334168755224,4.0,0.0
4.0,0.25,1.0,0.6700083542188806,10.72013366750209,16.0,0.0
